{"temp": 5.449999809265137, "prec": 0.0, "wind": 10.446206092834473}